experiment,target,peer_key,lat_band,elev_band,split,arm,net_benefit_mean,ci_lo,ci_hi,ci_excludes_zero,folds_scored,folds_attempted,precision_at_25_mean,spearman_mean,git_sha,dirty
E04-band-sweep,level_z,geo_month,10.0,1000.0,spatial,zero,0.0,0.0,0.0,False,4,4,0.19765078193612734,0.0,db654a6,False
E04-band-sweep,level_z,geo_month,10.0,1000.0,spatial,persistence,0.03191085161693208,-0.058558193519277116,0.15454741556413837,False,4,4,0.4,0.32067775413020894,db654a6,False
E04-band-sweep,level_z,geo_month,10.0,1000.0,spatial,climatology,0.0,0.0,0.0,False,4,4,0.19765078193612734,0.0,db654a6,False
E04-band-sweep,level_z,geo_month,10.0,1000.0,spatial,linear,0.016266882797827502,-0.040250568547582306,0.0861848069415922,False,4,4,0.45000000000000007,0.31389276207821193,db654a6,False
E04-band-sweep,level_z,geo_month,10.0,1000.0,spatial,boosted,0.013218642587477649,-0.0011573000385122472,0.027594585213467547,False,4,4,0.42999999999999994,0.17951125702780796,db654a6,False
E04-band-sweep,level_z,geo_month,90.0,1000.0,spatial,zero,0.0,0.0,0.0,False,4,4,0.12516222733980212,0.0,db654a6,False
E04-band-sweep,level_z,geo_month,90.0,1000.0,spatial,persistence,-0.027180314461340463,-0.06967545350278723,0.008345601053111915,False,4,4,0.28,0.3833159085028963,db654a6,False
E04-band-sweep,level_z,geo_month,90.0,1000.0,spatial,climatology,0.0,0.0,0.0,False,4,4,0.12516222733980212,0.0,db654a6,False
E04-band-sweep,level_z,geo_month,90.0,1000.0,spatial,linear,-0.01398847524390525,-0.03827918778515227,0.003738957449972058,False,4,4,0.32,0.31334924142720433,db654a6,False
E04-band-sweep,level_z,geo_month,90.0,1000.0,spatial,boosted,0.006611537225361336,-0.0019553047105818726,0.01566824852880892,False,4,4,0.37,0.2970845978664263,db654a6,False
E04-band-sweep,level_z,geo_month,10.0,500.0,spatial,zero,0.0,0.0,0.0,False,2,4,0.0854520500943558,0.0,db654a6,False
E04-band-sweep,level_z,geo_month,10.0,500.0,spatial,persistence,-0.06757305426888545,-0.14559386973180075,0.010447761194029855,False,2,4,0.27999999999999997,0.48843313498583285,db654a6,False
E04-band-sweep,level_z,geo_month,10.0,500.0,spatial,climatology,0.0,0.0,0.0,False,2,4,0.0854520500943558,0.0,db654a6,False
E04-band-sweep,level_z,geo_month,10.0,500.0,spatial,linear,-0.051302396065648764,-0.11877394636015326,0.016169154228855724,False,2,4,0.32,0.4529628270950031,db654a6,False
E04-band-sweep,level_z,geo_month,10.0,500.0,spatial,boosted,0.0029336078229541956,-0.022988505747126436,0.028855721393034828,False,2,4,0.22,0.4174302680374572,db654a6,False
E04-band-sweep,within_xy,geo_month,20.0,2000.0,spatial,zero,0.0,0.0,0.0,False,4,4,0.19600575144128132,0.0,db654a6,False
E04-band-sweep,within_xy,geo_month,20.0,2000.0,spatial,persistence,-0.0019009094314271016,-0.11856899540902682,0.1147671765461726,False,4,4,0.35,0.25663274861396923,db654a6,False
E04-band-sweep,within_xy,geo_month,20.0,2000.0,spatial,climatology,0.0,0.0,0.0,False,4,4,0.19600575144128132,0.0,db654a6,False
E04-band-sweep,within_xy,geo_month,20.0,2000.0,spatial,linear,0.02352500590945176,-0.017318929622112334,0.08078350807669564,False,4,4,0.28,0.1540200203262869,db654a6,False
E04-band-sweep,within_xy,geo_month,20.0,2000.0,spatial,boosted,0.018624916326069805,-0.0049646238018200665,0.05134555313772287,False,4,4,0.25,0.18293393737581512,db654a6,False
E04-band-sweep,level_z,geo_month,10.0,2000.0,spatial,zero,0.0,0.0,0.0,False,4,4,0.1250378646983396,0.0,db654a6,False
E04-band-sweep,level_z,geo_month,10.0,2000.0,spatial,persistence,-0.023541654163182584,-0.06046071329178508,0.013377404965419913,False,4,4,0.34,0.39830902990705597,db654a6,False
E04-band-sweep,level_z,geo_month,10.0,2000.0,spatial,climatology,0.0,0.0,0.0,False,4,4,0.1250378646983396,0.0,db654a6,False
E04-band-sweep,level_z,geo_month,10.0,2000.0,spatial,linear,-0.012504176419166348,-0.03967341193204978,0.014665059093717087,False,4,4,0.4,0.336353828330376,db654a6,False
E04-band-sweep,level_z,geo_month,10.0,2000.0,spatial,boosted,0.005948908720435766,-0.003891370867312659,0.01723159608778739,False,4,4,0.43999999999999995,0.3334274008877101,db654a6,False
E04-band-sweep,within_xy,geo_month,10.0,500.0,spatial,zero,0.0,0.0,0.0,False,2,4,0.2149024989992566,0.0,db654a6,False
E04-band-sweep,within_xy,geo_month,10.0,500.0,spatial,persistence,0.017228512609366947,-0.13793103448275862,0.1723880597014925,False,2,4,0.27999999999999997,0.25996697825487924,db654a6,False
E04-band-sweep,within_xy,geo_month,10.0,500.0,spatial,climatology,0.0,0.0,0.0,False,2,4,0.2149024989992566,0.0,db654a6,False
E04-band-sweep,within_xy,geo_month,10.0,500.0,spatial,linear,0.05963858866586608,-0.009578544061302683,0.12885572139303483,False,2,4,0.32,0.24212851076051706,db654a6,False
E04-band-sweep,within_xy,geo_month,10.0,500.0,spatial,boosted,0.02365614456453365,-0.007662835249042146,0.05497512437810945,False,2,4,0.24,0.2301489554597442,db654a6,False
E04-band-sweep,level_z,geo_month,90.0,2000.0,spatial,zero,0.0,0.0,0.0,False,4,4,0.12516222733980212,0.0,db654a6,False
E04-band-sweep,level_z,geo_month,90.0,2000.0,spatial,persistence,-0.03495640958852605,-0.08201635558037025,0.012103536403318158,False,4,4,0.29000000000000004,0.3820028516185478,db654a6,False
E04-band-sweep,level_z,geo_month,90.0,2000.0,spatial,climatology,0.0,0.0,0.0,False,4,4,0.12516222733980212,0.0,db654a6,False
E04-band-sweep,level_z,geo_month,90.0,2000.0,spatial,linear,-0.01903668399047152,-0.047223270533071335,0.001298124496900651,False,4,4,0.32,0.30269381295217446,db654a6,False
E04-band-sweep,level_z,geo_month,90.0,2000.0,spatial,boosted,0.010386271525192465,0.003658755503486327,0.020876190171091744,True,4,4,0.4,0.30973295460936034,db654a6,False
E04-band-sweep,within_xy,geo_month,20.0,1000.0,spatial,zero,0.0,0.0,0.0,False,4,4,0.2255533182424429,0.0,db654a6,False
E04-band-sweep,within_xy,geo_month,20.0,1000.0,spatial,persistence,0.03172948626457606,-0.09476566891753258,0.1582246414466847,False,4,4,0.32,0.28816513647654013,db654a6,False
E04-band-sweep,within_xy,geo_month,20.0,1000.0,spatial,climatology,0.0,0.0,0.0,False,4,4,0.2255533182424429,0.0,db654a6,False
E04-band-sweep,within_xy,geo_month,20.0,1000.0,spatial,linear,0.040353595557471054,-0.007241709132596672,0.09403093559459252,False,4,4,0.30000000000000004,0.21296325906477123,db654a6,False
E04-band-sweep,within_xy,geo_month,20.0,1000.0,spatial,boosted,0.02175899687723641,-0.0050614926497901305,0.05418389549715586,False,4,4,0.26,0.14918574457713957,db654a6,False
E04-band-sweep,within_xy,geo_month,90.0,2000.0,spatial,zero,0.0,0.0,0.0,False,4,4,0.19600575144128132,0.0,db654a6,False
E04-band-sweep,within_xy,geo_month,90.0,2000.0,spatial,persistence,-0.0019009094314271016,-0.11856899540902682,0.1147671765461726,False,4,4,0.35,0.25663274861396923,db654a6,False
E04-band-sweep,within_xy,geo_month,90.0,2000.0,spatial,climatology,0.0,0.0,0.0,False,4,4,0.19600575144128132,0.0,db654a6,False
E04-band-sweep,within_xy,geo_month,90.0,2000.0,spatial,linear,0.02352500590945176,-0.017318929622112334,0.08078350807669564,False,4,4,0.28,0.1540200203262869,db654a6,False
E04-band-sweep,within_xy,geo_month,90.0,2000.0,spatial,boosted,0.018624916326069805,-0.0049646238018200665,0.05134555313772287,False,4,4,0.25,0.18293393737581512,db654a6,False
E04-band-sweep,level_z,geo_month,5.0,1000.0,spatial,zero,0.0,0.0,0.0,False,2,4,0.10723352212683598,0.0,db654a6,False
E04-band-sweep,level_z,geo_month,5.0,1000.0,spatial,persistence,-0.03547328987520631,-0.081145584725537,0.010199004975124382,False,2,4,0.52,0.5377844326579924,db654a6,False
E04-band-sweep,level_z,geo_month,5.0,1000.0,spatial,climatology,0.0,0.0,0.0,False,2,4,0.10723352212683598,0.0,db654a6,False
E04-band-sweep,level_z,geo_month,5.0,1000.0,spatial,linear,-0.010312696659898594,-0.03579952267303102,0.015174129353233833,False,2,4,0.54,0.5056256932231148,db654a6,False
E04-band-sweep,level_z,geo_month,5.0,1000.0,spatial,boosted,0.017560170507842646,0.006762132060461414,0.02835820895522388,True,2,4,0.52,0.4470961091393556,db654a6,False
E04-band-sweep,within_xy,geo_month,10.0,2000.0,spatial,zero,0.0,0.0,0.0,False,4,4,0.1370783766970627,0.0,db654a6,False
E04-band-sweep,within_xy,geo_month,10.0,2000.0,spatial,persistence,-0.021763637284911902,-0.07666625202751517,0.03313897745769137,False,4,4,0.3,0.2567740131890459,db654a6,False
E04-band-sweep,within_xy,geo_month,10.0,2000.0,spatial,climatology,0.0,0.0,0.0,False,4,4,0.1370783766970627,0.0,db654a6,False
E04-band-sweep,within_xy,geo_month,10.0,2000.0,spatial,linear,0.009128340497067266,-0.006064800368818013,0.026510977609437304,False,4,4,0.29000000000000004,0.20518947935402782,db654a6,False
E04-band-sweep,within_xy,geo_month,10.0,2000.0,spatial,boosted,0.005741192773703509,-0.006689490653686078,0.023511623499009576,False,4,4,0.25,0.20326758372249557,db654a6,False
E04-band-sweep,level_z,geo_month,90.0,500.0,spatial,zero,0.0,0.0,0.0,False,4,4,0.13031273169565166,0.0,db654a6,False
E04-band-sweep,level_z,geo_month,90.0,500.0,spatial,persistence,-0.014010852296328986,-0.06274895669774573,0.020786486775886074,False,4,4,0.35000000000000003,0.3243735404291955,db654a6,False
E04-band-sweep,level_z,geo_month,90.0,500.0,spatial,climatology,0.0,0.0,0.0,False,4,4,0.13031273169565166,0.0,db654a6,False
E04-band-sweep,level_z,geo_month,90.0,500.0,spatial,linear,-0.01325580529571828,-0.05780282397950912,0.016888183959738727,False,4,4,0.34,0.28485556376652793,db654a6,False
E04-band-sweep,level_z,geo_month,90.0,500.0,spatial,boosted,0.007693105240828269,0.0009313541778206091,0.017207250082213608,True,4,4,0.41000000000000003,0.3087872282251607,db654a6,False
E04-band-sweep,level_z,geo_month,5.0,500.0,spatial,zero,0.0,0.0,0.0,False,2,4,0.0854520500943558,0.0,db654a6,False
E04-band-sweep,level_z,geo_month,5.0,500.0,spatial,persistence,-0.06757305426888545,-0.14559386973180075,0.010447761194029855,False,2,4,0.27999999999999997,0.48843313498583285,db654a6,False
E04-band-sweep,level_z,geo_month,5.0,500.0,spatial,climatology,0.0,0.0,0.0,False,2,4,0.0854520500943558,0.0,db654a6,False
E04-band-sweep,level_z,geo_month,5.0,500.0,spatial,linear,-0.051302396065648764,-0.11877394636015326,0.016169154228855724,False,2,4,0.32,0.4529628270950031,db654a6,False
E04-band-sweep,level_z,geo_month,5.0,500.0,spatial,boosted,0.0029336078229541956,-0.022988505747126436,0.028855721393034828,False,2,4,0.22,0.4174302680374572,db654a6,False
E04-band-sweep,within_xy,geo_month,20.0,500.0,spatial,zero,0.0,0.0,0.0,False,4,4,0.25409465403070025,0.0,db654a6,False
E04-band-sweep,within_xy,geo_month,20.0,500.0,spatial,persistence,0.07713319069420224,-0.05056628964201185,0.24039422493486096,False,4,4,0.43,0.2818725186771147,db654a6,False
E04-band-sweep,within_xy,geo_month,20.0,500.0,spatial,climatology,0.0,0.0,0.0,False,4,4,0.25409465403070025,0.0,db654a6,False
E04-band-sweep,within_xy,geo_month,20.0,500.0,spatial,linear,0.05669135034194938,-0.005073378714683064,0.14826768122925366,False,4,4,0.39999999999999997,0.2288416321837251,db654a6,False
E04-band-sweep,within_xy,geo_month,20.0,500.0,spatial,boosted,0.029599057236061654,-0.012919045527741178,0.08339663599688181,False,4,4,0.39,0.1848573409040614,db654a6,False
E04-band-sweep,within_xy,geo_month,5.0,2000.0,spatial,zero,0.0,0.0,0.0,False,2,4,0.12510878676725773,0.0,db654a6,False
E04-band-sweep,within_xy,geo_month,5.0,2000.0,spatial,persistence,-0.022990619739430417,-0.10182975338106602,0.05584851390220519,False,2,4,0.4,0.34035680870591967,db654a6,False
E04-band-sweep,within_xy,geo_month,5.0,2000.0,spatial,climatology,0.0,0.0,0.0,False,2,4,0.12510878676725773,0.0,db654a6,False
E04-band-sweep,within_xy,geo_month,5.0,2000.0,spatial,linear,0.01723254854311541,-0.006762132060461416,0.04122722914669224,False,2,4,0.36,0.30617259284646675,db654a6,False
E04-band-sweep,within_xy,geo_month,5.0,2000.0,spatial,boosted,0.014797383930907342,-0.0075576770087509935,0.037152444870565675,False,2,4,0.33999999999999997,0.2824364655275048,db654a6,False
E04-band-sweep,level_z,geo_month,20.0,1000.0,spatial,zero,0.0,0.0,0.0,False,4,4,0.12516222733980212,0.0,db654a6,False
E04-band-sweep,level_z,geo_month,20.0,1000.0,spatial,persistence,-0.027180314461340463,-0.06967545350278723,0.008345601053111915,False,4,4,0.28,0.3833159085028963,db654a6,False
E04-band-sweep,level_z,geo_month,20.0,1000.0,spatial,climatology,0.0,0.0,0.0,False,4,4,0.12516222733980212,0.0,db654a6,False
E04-band-sweep,level_z,geo_month,20.0,1000.0,spatial,linear,-0.01398847524390525,-0.03827918778515227,0.003738957449972058,False,4,4,0.32,0.31334924142720433,db654a6,False
E04-band-sweep,level_z,geo_month,20.0,1000.0,spatial,boosted,0.006611537225361336,-0.0019553047105818726,0.01566824852880892,False,4,4,0.37,0.2970845978664263,db654a6,False
E04-band-sweep,within_xy,geo_month,5.0,500.0,spatial,zero,0.0,0.0,0.0,False,2,4,0.2149024989992566,0.0,db654a6,False
E04-band-sweep,within_xy,geo_month,5.0,500.0,spatial,persistence,0.017228512609366947,-0.13793103448275862,0.1723880597014925,False,2,4,0.27999999999999997,0.25996697825487924,db654a6,False
E04-band-sweep,within_xy,geo_month,5.0,500.0,spatial,climatology,0.0,0.0,0.0,False,2,4,0.2149024989992566,0.0,db654a6,False
E04-band-sweep,within_xy,geo_month,5.0,500.0,spatial,linear,0.05963858866586608,-0.009578544061302683,0.12885572139303483,False,2,4,0.32,0.24212851076051706,db654a6,False
E04-band-sweep,within_xy,geo_month,5.0,500.0,spatial,boosted,0.02365614456453365,-0.007662835249042146,0.05497512437810945,False,2,4,0.24,0.2301489554597442,db654a6,False
E04-band-sweep,within_xy,geo_month,90.0,1000.0,spatial,zero,0.0,0.0,0.0,False,4,4,0.2255533182424429,0.0,db654a6,False
E04-band-sweep,within_xy,geo_month,90.0,1000.0,spatial,persistence,0.03172948626457606,-0.09476566891753258,0.1582246414466847,False,4,4,0.32,0.28816513647654013,db654a6,False
E04-band-sweep,within_xy,geo_month,90.0,1000.0,spatial,climatology,0.0,0.0,0.0,False,4,4,0.2255533182424429,0.0,db654a6,False
E04-band-sweep,within_xy,geo_month,90.0,1000.0,spatial,linear,0.040353595557471054,-0.007241709132596672,0.09403093559459252,False,4,4,0.30000000000000004,0.21296325906477123,db654a6,False
E04-band-sweep,within_xy,geo_month,90.0,1000.0,spatial,boosted,0.02175899687723641,-0.0050614926497901305,0.05418389549715586,False,4,4,0.26,0.14918574457713957,db654a6,False
E04-band-sweep,level_z,geo_month,5.0,2000.0,spatial,zero,0.0,0.0,0.0,False,2,4,0.10564653854045342,0.0,db654a6,False
E04-band-sweep,level_z,geo_month,5.0,2000.0,spatial,persistence,-0.03759188239054011,-0.08333333333333333,0.008149568552253121,False,2,4,0.5,0.5407853425259808,db654a6,False
E04-band-sweep,level_z,geo_month,5.0,2000.0,spatial,climatology,0.0,0.0,0.0,False,2,4,0.10564653854045342,0.0,db654a6,False
E04-band-sweep,level_z,geo_month,5.0,2000.0,spatial,linear,-0.010392806992252774,-0.03420843277645186,0.01342281879194631,False,2,4,0.54,0.5133774909063612,db654a6,False
E04-band-sweep,level_z,geo_month,5.0,2000.0,spatial,boosted,0.014134175558387889,0.0035799522673031006,0.024688398849472677,True,2,4,0.5,0.44806193234161223,db654a6,False
E04-band-sweep,within_xy,geo_month,10.0,1000.0,spatial,zero,0.0,0.0,0.0,False,4,4,0.2998318587855812,0.0,db654a6,False
E04-band-sweep,within_xy,geo_month,10.0,1000.0,spatial,persistence,0.144758293437021,-0.08649469945051895,0.5079556660366507,False,4,4,0.43,0.3814769738599571,db654a6,False
E04-band-sweep,within_xy,geo_month,10.0,1000.0,spatial,climatology,0.0,0.0,0.0,False,4,4,0.2998318587855812,0.0,db654a6,False
E04-band-sweep,within_xy,geo_month,10.0,1000.0,spatial,linear,0.15801963306417557,-0.0035799522673031032,0.44920494699646646,False,4,4,0.43,0.3462030995693949,db654a6,False
E04-band-sweep,within_xy,geo_month,10.0,1000.0,spatial,boosted,0.07215803136963127,-0.015406745481119682,0.2104559871082363,False,4,4,0.45000000000000007,0.2323879552548906,db654a6,False
E04-band-sweep,level_z,geo_month,20.0,500.0,spatial,zero,0.0,0.0,0.0,False,4,4,0.13031273169565166,0.0,db654a6,False
E04-band-sweep,level_z,geo_month,20.0,500.0,spatial,persistence,-0.014010852296328986,-0.06274895669774573,0.020786486775886074,False,4,4,0.35000000000000003,0.3243735404291955,db654a6,False
E04-band-sweep,level_z,geo_month,20.0,500.0,spatial,climatology,0.0,0.0,0.0,False,4,4,0.13031273169565166,0.0,db654a6,False
E04-band-sweep,level_z,geo_month,20.0,500.0,spatial,linear,-0.01325580529571828,-0.05780282397950912,0.016888183959738727,False,4,4,0.34,0.28485556376652793,db654a6,False
E04-band-sweep,level_z,geo_month,20.0,500.0,spatial,boosted,0.007693105240828269,0.0009313541778206091,0.017207250082213608,True,4,4,0.41000000000000003,0.3087872282251607,db654a6,False
E04-band-sweep,within_xy,geo_month,5.0,1000.0,spatial,zero,0.0,0.0,0.0,False,2,4,0.12396727579287334,0.0,db654a6,False
E04-band-sweep,within_xy,geo_month,5.0,1000.0,spatial,persistence,-0.026759994775525722,-0.10401750198886238,0.050497512437810935,False,2,4,0.36,0.3403118224973042,db654a6,False
E04-band-sweep,within_xy,geo_month,5.0,1000.0,spatial,climatology,0.0,0.0,0.0,False,2,4,0.12396727579287334,0.0,db654a6,False
E04-band-sweep,within_xy,geo_month,5.0,1000.0,spatial,linear,0.015201439105190034,-0.00815433571996818,0.03855721393034825,False,2,4,0.36,0.30693098942801567,db654a6,False
E04-band-sweep,within_xy,geo_month,5.0,1000.0,spatial,boosted,0.01321168619907622,-0.00914876690533015,0.03557213930348259,False,2,4,0.26,0.294145967293002,db654a6,False
E04-band-sweep,within_xy,geo_month,90.0,500.0,spatial,zero,0.0,0.0,0.0,False,4,4,0.25409465403070025,0.0,db654a6,False
E04-band-sweep,within_xy,geo_month,90.0,500.0,spatial,persistence,0.07713319069420224,-0.05056628964201185,0.24039422493486096,False,4,4,0.43,0.2818725186771147,db654a6,False
E04-band-sweep,within_xy,geo_month,90.0,500.0,spatial,climatology,0.0,0.0,0.0,False,4,4,0.25409465403070025,0.0,db654a6,False
E04-band-sweep,within_xy,geo_month,90.0,500.0,spatial,linear,0.05669135034194938,-0.005073378714683064,0.14826768122925366,False,4,4,0.39999999999999997,0.2288416321837251,db654a6,False
E04-band-sweep,within_xy,geo_month,90.0,500.0,spatial,boosted,0.029599057236061654,-0.012919045527741178,0.08339663599688181,False,4,4,0.39,0.1848573409040614,db654a6,False
E04-band-sweep,level_z,geo_month,20.0,2000.0,spatial,zero,0.0,0.0,0.0,False,4,4,0.12516222733980212,0.0,db654a6,False
E04-band-sweep,level_z,geo_month,20.0,2000.0,spatial,persistence,-0.03495640958852605,-0.08201635558037025,0.012103536403318158,False,4,4,0.29000000000000004,0.3820028516185478,db654a6,False
E04-band-sweep,level_z,geo_month,20.0,2000.0,spatial,climatology,0.0,0.0,0.0,False,4,4,0.12516222733980212,0.0,db654a6,False
E04-band-sweep,level_z,geo_month,20.0,2000.0,spatial,linear,-0.01903668399047152,-0.047223270533071335,0.001298124496900651,False,4,4,0.32,0.30269381295217446,db654a6,False
E04-band-sweep,level_z,geo_month,20.0,2000.0,spatial,boosted,0.010386271525192465,0.003658755503486327,0.020876190171091744,True,4,4,0.4,0.30973295460936034,db654a6,False
E02,level_z,cluster_month,20.0,1000.0,temporal,zero,0.0,0.0,0.0,False,3,3,0.12246858569221773,0.0,22b90ed,True
E02,level_z,cluster_month,20.0,1000.0,temporal,persistence,-0.013283880700613449,-0.020541958041958033,-0.0027205040091637933,True,3,3,0.22666666666666668,0.426300711974459,22b90ed,True
E02,level_z,cluster_month,20.0,1000.0,temporal,climatology,0.008592001479590694,0.004367124856815577,0.011582167832167832,True,3,3,0.12246858569221773,0.5076077181441018,22b90ed,True
E02,level_z,cluster_month,20.0,1000.0,temporal,linear,-0.012840772431375122,-0.020760489510489505,-0.0006443298969072142,True,3,3,0.29333333333333333,0.4117992431875073,22b90ed,True
E02,level_z,cluster_month,20.0,1000.0,temporal,boosted,0.01792917519523388,0.015249140893470792,0.020181741335587488,True,3,3,0.7600000000000001,0.4123690073066902,22b90ed,True
E02,within_y,leaky,20.0,1000.0,spatial,zero,0.0,0.0,0.0,False,4,4,0.10932365913520642,0.0,22b90ed,True
E02,within_y,leaky,20.0,1000.0,spatial,persistence,-0.04418517415022176,-0.0721691032614292,-0.01620124503901433,True,4,4,0.23,0.29113341639067003,22b90ed,True
E02,within_y,leaky,20.0,1000.0,spatial,climatology,0.0,0.0,0.0,False,4,4,0.10932365913520642,0.0,22b90ed,True
E02,within_y,leaky,20.0,1000.0,spatial,linear,-0.009536133408481293,-0.01957946125778791,-0.0015678982152244232,True,4,4,0.18999999999999997,0.2365811948326563,22b90ed,True
E02,within_y,leaky,20.0,1000.0,spatial,boosted,-0.004017389239613137,-0.006908576377076054,-0.0011262021021502208,True,4,4,0.21000000000000002,0.1465306581558589,22b90ed,True
E02,within_y,leaky,20.0,1000.0,temporal,zero,0.0,0.0,0.0,False,3,3,0.0977448000643877,0.0,22b90ed,True
E02,within_y,leaky,20.0,1000.0,temporal,persistence,-0.048659496691812305,-0.06534090909090909,-0.03171534936998854,True,3,3,0.16,0.2292598543764994,22b90ed,True
E02,within_y,leaky,20.0,1000.0,temporal,climatology,-0.033043082383883336,-0.03658361970217641,-0.02862762237762238,True,3,3,0.0977448000643877,0.14967828722060939,22b90ed,True
E02,within_y,leaky,20.0,1000.0,temporal,linear,-0.019393693362765526,-0.02185314685314686,-0.01785714285714286,True,3,3,0.16,0.20997053134127555,22b90ed,True
E02,within_y,leaky,20.0,1000.0,temporal,boosted,-0.0010650384361724577,-0.002622377622377624,0.0,False,3,3,0.27999999999999997,0.17897740991015634,22b90ed,True
E02,delta_z,geo_month,20.0,1000.0,spatial,zero,-0.009685810596555905,-0.1545608497229517,0.1718356426191672,False,4,4,0.27517252617499643,0.0,22b90ed,True
E02,delta_z,geo_month,20.0,1000.0,spatial,persistence,-0.009685810596555905,-0.1545608497229517,0.1718356426191672,False,4,4,0.27517252617499643,0.0,22b90ed,True
E02,delta_z,geo_month,20.0,1000.0,spatial,climatology,-0.07728042486147585,-0.1545608497229517,0.0,False,4,4,0.27517252617499643,0.0,22b90ed,True
E02,delta_z,geo_month,20.0,1000.0,spatial,linear,0.15299865848998356,-0.018220492684613974,0.33259163316068086,False,4,4,0.65,0.4808437637492136,22b90ed,True
E02,delta_z,geo_month,20.0,1000.0,spatial,boosted,0.11675733986475194,0.0070869728571178285,0.22642770687238606,True,4,4,0.69,0.48265754699010843,22b90ed,True
E02,delta_z,geo_month,20.0,1000.0,temporal,zero,-0.01959498834498834,-0.058784965034965025,0.0,False,3,3,0.1709503200646398,0.0,22b90ed,True
E02,delta_z,geo_month,20.0,1000.0,temporal,persistence,-0.01959498834498834,-0.058784965034965025,0.0,False,3,3,0.1709503200646398,0.0,22b90ed,True
E02,delta_z,geo_month,20.0,1000.0,temporal,climatology,0.020803136653443355,0.009615384615384623,0.0338642453111045,True,3,3,0.1709503200646398,0.26501025031251785,22b90ed,True
E02,delta_z,geo_month,20.0,1000.0,temporal,linear,0.06671367280918973,0.047858391608391594,0.09221494492408454,True,3,3,0.8266666666666668,0.5890418504244441,22b90ed,True
E02,delta_z,geo_month,20.0,1000.0,temporal,boosted,0.07305365764711669,0.06207698815566836,0.08715391485561179,True,3,3,0.9199999999999999,0.6094555631618213,22b90ed,True
E02,delta_z,leaky,20.0,1000.0,spatial,zero,-0.0738033291219655,-0.147606658243931,0.0,False,4,4,0.12815987330290346,0.0,22b90ed,True
E02,delta_z,leaky,20.0,1000.0,spatial,persistence,-0.0738033291219655,-0.147606658243931,0.0,False,4,4,0.12815987330290346,0.0,22b90ed,True
E02,delta_z,leaky,20.0,1000.0,spatial,climatology,-0.0738033291219655,-0.147606658243931,0.0,False,4,4,0.12815987330290346,0.0,22b90ed,True
E02,delta_z,leaky,20.0,1000.0,spatial,linear,0.0015179002722457528,-0.02543903023035338,0.028474830774844886,False,4,4,0.55,0.36640082802428287,22b90ed,True
E02,delta_z,leaky,20.0,1000.0,spatial,boosted,0.015517751113211731,0.003373785720354584,0.029479326952184793,True,4,4,0.51,0.2795138934643946,22b90ed,True
E02,delta_z,leaky,20.0,1000.0,temporal,zero,0.0,0.0,0.0,False,3,3,0.12543514288161395,0.0,22b90ed,True
E02,delta_z,leaky,20.0,1000.0,temporal,persistence,0.0,0.0,0.0,False,3,3,0.12543514288161395,0.0,22b90ed,True
E02,delta_z,leaky,20.0,1000.0,temporal,climatology,-0.02887561486887419,-0.040646853146853144,-0.014175257731958768,True,3,3,0.12345148551334117,0.06665176361568019,22b90ed,True
E02,delta_z,leaky,20.0,1000.0,temporal,linear,0.002407444194716201,-0.005463286713286719,0.01353092783505154,False,3,3,0.5066666666666667,0.4049177848961727,22b90ed,True
E02,delta_z,leaky,20.0,1000.0,temporal,boosted,0.017184236776822025,0.012815005727376863,0.021197552447552448,True,3,3,0.5466666666666667,0.3850716138033461,22b90ed,True
E02,within_xy,leaky,20.0,1000.0,spatial,zero,0.0,0.0,0.0,False,4,4,0.10932365913520642,0.0,22b90ed,True
E02,within_xy,leaky,20.0,1000.0,spatial,persistence,-0.04418517415022176,-0.0721691032614292,-0.01620124503901433,True,4,4,0.23,0.29113341639067003,22b90ed,True
E02,within_xy,leaky,20.0,1000.0,spatial,climatology,0.0,0.0,0.0,False,4,4,0.10932365913520642,0.0,22b90ed,True
E02,within_xy,leaky,20.0,1000.0,spatial,linear,-0.0005752486307903678,-0.008530019990834019,0.007379522729253283,False,4,4,0.21,0.2546654851605337,22b90ed,True
E02,within_xy,leaky,20.0,1000.0,spatial,boosted,-0.001232195270496765,-0.002615449878114956,0.000939526636700203,False,4,4,0.23,0.22697130402720966,22b90ed,True
E02,within_xy,leaky,20.0,1000.0,temporal,zero,0.0,0.0,0.0,False,3,3,0.0977448000643877,0.0,22b90ed,True
E02,within_xy,leaky,20.0,1000.0,temporal,persistence,-0.048659496691812305,-0.06534090909090909,-0.03171534936998854,True,3,3,0.16,0.2292598543764994,22b90ed,True
E02,within_xy,leaky,20.0,1000.0,temporal,climatology,-0.033043082383883336,-0.03658361970217641,-0.02862762237762238,True,3,3,0.0977448000643877,0.14967828722060939,22b90ed,True
E02,within_xy,leaky,20.0,1000.0,temporal,linear,-0.018930214533902086,-0.02018174133558749,-0.01813811188811189,True,3,3,0.18666666666666668,0.20954255409494638,22b90ed,True
E02,within_xy,leaky,20.0,1000.0,temporal,boosted,-0.0016772427061879874,-0.004080756013745704,0.0,False,3,3,0.18666666666666668,0.14342409592560743,22b90ed,True
E02,delta_z,cluster_month,20.0,1000.0,temporal,zero,0.0,0.0,0.0,False,3,3,0.14001842453425348,0.0,22b90ed,True
E02,delta_z,cluster_month,20.0,1000.0,temporal,persistence,0.0,0.0,0.0,False,3,3,0.14001842453425348,0.0,22b90ed,True
E02,delta_z,cluster_month,20.0,1000.0,temporal,climatology,-0.02213790426366014,-0.046255506607929514,-0.0036891679748822584,True,3,3,0.14001842453425348,0.026178274549741875,22b90ed,True
E02,delta_z,cluster_month,20.0,1000.0,temporal,linear,0.03186366861907946,0.003964757709251102,0.06648351648351647,True,3,3,0.7066666666666667,0.5244656855541575,22b90ed,True
E02,delta_z,cluster_month,20.0,1000.0,temporal,boosted,0.03156999728948179,0.025801493192797537,0.036970172684458395,True,3,3,0.7333333333333334,0.49748932242586524,22b90ed,True
E02,within_xy,geo_month,20.0,1000.0,spatial,zero,0.0,0.0,0.0,False,4,4,0.2255533182424429,0.0,22b90ed,True
E02,within_xy,geo_month,20.0,1000.0,spatial,persistence,0.03172948626457606,-0.09476566891753258,0.1582246414466847,False,4,4,0.32,0.28816513647654013,22b90ed,True
E02,within_xy,geo_month,20.0,1000.0,spatial,climatology,0.0,0.0,0.0,False,4,4,0.2255533182424429,0.0,22b90ed,True
E02,within_xy,geo_month,20.0,1000.0,spatial,linear,0.040353595557471054,-0.007241709132596672,0.09403093559459252,False,4,4,0.30000000000000004,0.21296325906477123,22b90ed,True
E02,within_xy,geo_month,20.0,1000.0,spatial,boosted,0.02175899687723641,-0.0050614926497901305,0.05418389549715586,False,4,4,0.26,0.14918574457713957,22b90ed,True
E02,within_xy,geo_month,20.0,1000.0,temporal,zero,0.0,0.0,0.0,False,3,3,0.11212325479642628,0.0,22b90ed,True
E02,within_xy,geo_month,20.0,1000.0,temporal,persistence,-0.046797603713198604,-0.06927447552447552,-0.023358403239803302,True,3,3,0.14666666666666667,0.14128621741127195,22b90ed,True
E02,within_xy,geo_month,20.0,1000.0,temporal,climatology,-0.007562143600226864,-0.011800699300699304,-0.002641589180050717,True,3,3,0.11212325479642628,0.2828801441558646,22b90ed,True
E02,within_xy,geo_month,20.0,1000.0,temporal,linear,-0.014535303420313764,-0.017263986013986012,-0.012890955198647504,True,3,3,0.18666666666666668,0.12091816003385958,22b90ed,True
E02,within_xy,geo_month,20.0,1000.0,temporal,boosted,-0.0010791227900882772,-0.005134509690483076,0.00305944055944056,False,3,3,0.18666666666666668,0.13070973277557987,22b90ed,True
E02,within_xy,cluster_month,20.0,1000.0,temporal,zero,0.0,0.0,0.0,False,3,3,0.09608418500171079,0.0,22b90ed,True
E02,within_xy,cluster_month,20.0,1000.0,temporal,persistence,-0.05129908696026856,-0.06971153846153846,-0.031142611683848787,True,3,3,0.12,0.21675242944502193,22b90ed,True
E02,within_xy,cluster_month,20.0,1000.0,temporal,climatology,-0.028116557532695513,-0.029501748251748245,-0.026847079037800686,True,3,3,0.0794058633233891,0.09336089455892475,22b90ed,True
E02,within_xy,cluster_month,20.0,1000.0,temporal,linear,-0.01699745866082107,-0.018068469991546914,-0.01617132867132867,True,3,3,0.16,0.19092042817381094,22b90ed,True
E02,within_xy,cluster_month,20.0,1000.0,temporal,boosted,-0.00305440660317742,-0.007731958762886596,0.00031699070160608623,False,3,3,0.22666666666666668,0.14427999516075452,22b90ed,True
E02,within_y,geo_month,20.0,1000.0,spatial,zero,0.0,0.0,0.0,False,4,4,0.2255533182424429,0.0,22b90ed,True
E02,within_y,geo_month,20.0,1000.0,spatial,persistence,0.03172948626457606,-0.09476566891753258,0.1582246414466847,False,4,4,0.32,0.28816513647654013,22b90ed,True
E02,within_y,geo_month,20.0,1000.0,spatial,climatology,0.0,0.0,0.0,False,4,4,0.2255533182424429,0.0,22b90ed,True
E02,within_y,geo_month,20.0,1000.0,spatial,linear,0.0007516885315055024,-0.035981151762974894,0.0497280795069943,False,4,4,0.23,0.09701321864786056,22b90ed,True
E02,within_y,geo_month,20.0,1000.0,spatial,boosted,0.00883660356924775,-0.00017719562396886182,0.02517963095935451,False,4,4,0.31999999999999995,0.1164927627942429,22b90ed,True
E02,within_y,geo_month,20.0,1000.0,temporal,zero,0.0,0.0,0.0,False,3,3,0.11212325479642628,0.0,22b90ed,True
E02,within_y,geo_month,20.0,1000.0,temporal,persistence,-0.046797603713198604,-0.06927447552447552,-0.023358403239803302,True,3,3,0.14666666666666667,0.14128621741127195,22b90ed,True
E02,within_y,geo_month,20.0,1000.0,temporal,climatology,-0.007562143600226864,-0.011800699300699304,-0.002641589180050717,True,3,3,0.11212325479642628,0.2828801441558646,22b90ed,True
E02,within_y,geo_month,20.0,1000.0,temporal,linear,-0.006338966545125734,-0.010489510489510495,-0.0015849535080304337,True,3,3,0.16,0.18100768399724845,22b90ed,True
E02,within_y,geo_month,20.0,1000.0,temporal,boosted,0.0023351577959285844,0.00043706293706293614,0.004543533389687236,True,3,3,0.26666666666666666,0.25922248883422666,22b90ed,True
E02,level_z,geo_month,20.0,1000.0,spatial,zero,0.0,0.0,0.0,False,4,4,0.12516222733980212,0.0,22b90ed,True
E02,level_z,geo_month,20.0,1000.0,spatial,persistence,-0.027180314461340463,-0.06967545350278723,0.008345601053111915,False,4,4,0.28,0.3833159085028963,22b90ed,True
E02,level_z,geo_month,20.0,1000.0,spatial,climatology,0.0,0.0,0.0,False,4,4,0.12516222733980212,0.0,22b90ed,True
E02,level_z,geo_month,20.0,1000.0,spatial,linear,-0.01398847524390525,-0.03827918778515227,0.003738957449972058,False,4,4,0.32,0.31334924142720433,22b90ed,True
E02,level_z,geo_month,20.0,1000.0,spatial,boosted,0.006611537225361336,-0.0019553047105818726,0.01566824852880892,False,4,4,0.37,0.2970845978664263,22b90ed,True
E02,level_z,geo_month,20.0,1000.0,temporal,zero,0.0,0.0,0.0,False,3,3,0.12269034137428254,0.0,22b90ed,True
E02,level_z,geo_month,20.0,1000.0,temporal,persistence,-0.030472953298157458,-0.03977272727272728,-0.015403529071449235,True,3,3,0.10666666666666667,0.33421793569592523,22b90ed,True
E02,level_z,geo_month,20.0,1000.0,temporal,climatology,0.008606739631166099,0.004411339311541793,0.011582167832167832,True,3,3,0.12269034137428254,0.5082856537256427,22b90ed,True
E02,level_z,geo_month,20.0,1000.0,temporal,linear,-0.019667329001372524,-0.026415891800507185,-0.0065808504483656355,True,3,3,0.10666666666666667,0.34482274195348567,22b90ed,True
E02,level_z,geo_month,20.0,1000.0,temporal,boosted,0.0172338504415561,0.016171328671328672,0.01817413355874894,True,3,3,0.68,0.40970443324191025,22b90ed,True
E02,level_z,leaky,20.0,1000.0,spatial,zero,0.0,0.0,0.0,False,4,4,0.12616490113659357,0.0,22b90ed,True
E02,level_z,leaky,20.0,1000.0,spatial,persistence,-0.016243757787129064,-0.028540747080014424,-0.003946768494243705,True,4,4,0.35,0.4185853305372891,22b90ed,True
E02,level_z,leaky,20.0,1000.0,spatial,climatology,0.0,0.0,0.0,False,4,4,0.12616490113659357,0.0,22b90ed,True
E02,level_z,leaky,20.0,1000.0,spatial,linear,-0.0030300165568332114,-0.017076368801144687,0.009801854482930784,False,4,4,0.39999999999999997,0.39743977390601337,22b90ed,True
E02,level_z,leaky,20.0,1000.0,spatial,boosted,0.0063816049002454345,-0.0014167305679616167,0.014179940368452486,False,4,4,0.41,0.32469893081225076,22b90ed,True
E02,level_z,leaky,20.0,1000.0,temporal,zero,0.0,0.0,0.0,False,3,3,0.12246858569221773,0.0,22b90ed,True
E02,level_z,leaky,20.0,1000.0,temporal,persistence,-0.011054252529272354,-0.020104895104895104,0.0005727376861397598,False,3,3,0.28,0.4198653093979758,22b90ed,True
E02,level_z,leaky,20.0,1000.0,temporal,climatology,0.008592001479590694,0.004367124856815577,0.011582167832167832,True,3,3,0.12246858569221773,0.5076077181441018,22b90ed,True
E02,level_z,leaky,20.0,1000.0,temporal,linear,-0.01620397970021285,-0.022508741258741263,-0.00465349369988545,True,3,3,0.3333333333333333,0.4161896876072079,22b90ed,True
E02,level_z,leaky,20.0,1000.0,temporal,boosted,0.019426513107123736,0.018174133558748945,0.02163461538461538,True,3,3,0.7600000000000001,0.4216343790273711,22b90ed,True
E02,within_y,cluster_month,20.0,1000.0,temporal,zero,0.0,0.0,0.0,False,3,3,0.09608418500171079,0.0,22b90ed,True
E02,within_y,cluster_month,20.0,1000.0,temporal,persistence,-0.05129908696026856,-0.06971153846153846,-0.031142611683848787,True,3,3,0.12,0.21675242944502193,22b90ed,True
E02,within_y,cluster_month,20.0,1000.0,temporal,climatology,-0.028116557532695513,-0.029501748251748245,-0.026847079037800686,True,3,3,0.0794058633233891,0.09336089455892475,22b90ed,True
E02,within_y,cluster_month,20.0,1000.0,temporal,linear,-0.016897009685471226,-0.023382867132867136,-0.013419273034657652,True,3,3,0.21333333333333335,0.1699508654547324,22b90ed,True
E02,within_y,cluster_month,20.0,1000.0,temporal,boosted,-0.0033736135292439817,-0.005900349650349651,-0.00021132713440405806,True,3,3,0.21333333333333335,0.15117649446180279,22b90ed,True
E03-replication,within_xy,geo_month,20.0,1000.0,spatial,zero,0.0,0.0,0.0,False,4,4,0.2255533182424429,0.0,dd59159,False
E03-replication,within_xy,geo_month,20.0,1000.0,spatial,persistence,0.03172948626457606,-0.09476566891753258,0.1582246414466847,False,4,4,0.32,0.28816513647654013,dd59159,False
E03-replication,within_xy,geo_month,20.0,1000.0,spatial,climatology,0.0,0.0,0.0,False,4,4,0.2255533182424429,0.0,dd59159,False
E03-replication,within_xy,geo_month,20.0,1000.0,spatial,linear,0.040353595557471054,-0.007241709132596672,0.09403093559459252,False,4,4,0.30000000000000004,0.21296325906477123,dd59159,False
E03-replication,within_xy,geo_month,20.0,1000.0,spatial,boosted,0.02175899687723641,-0.0050614926497901305,0.05418389549715586,False,4,4,0.26,0.14918574457713957,dd59159,False
E03-replication,within_xy,geo_month,20.0,1000.0,temporal,zero,0.0,0.0,0.0,False,3,3,0.11212325479642628,0.0,dd59159,False
E03-replication,within_xy,geo_month,20.0,1000.0,temporal,persistence,-0.046797603713198604,-0.06927447552447552,-0.023358403239803302,True,3,3,0.14666666666666667,0.14128621741127195,dd59159,False
E03-replication,within_xy,geo_month,20.0,1000.0,temporal,climatology,-0.007562143600226864,-0.011800699300699304,-0.002641589180050717,True,3,3,0.11212325479642628,0.2828801441558646,dd59159,False
E03-replication,within_xy,geo_month,20.0,1000.0,temporal,linear,-0.014535303420313764,-0.017263986013986012,-0.012890955198647504,True,3,3,0.18666666666666668,0.12091816003385958,dd59159,False
E03-replication,within_xy,geo_month,20.0,1000.0,temporal,boosted,-0.0010791227900882772,-0.005134509690483076,0.00305944055944056,False,3,3,0.18666666666666668,0.13070973277557987,dd59159,False
